[
  {
    "productName": "Milk",
    "category": "Dairy",
    "weight": "100",
    "price": "20",
    "manufactureDate": "10-1-2020",
    "expirationDate": "25-1-2020",
    "inStoke": "20"
  },
  {
    "productName": "Cheese",
    "category": "Dairy",
    "weight": "150",
    "price": "10",
    "manufactureDate": "1-2-2020",
    "expirationDate": "15-3-2020",
    "inStoke": "50"
  },
  {
    "productName": "Stake",
    "category": "Meat",
    "weight": "800",
    "price": "1000",
    "manufactureDate": "1-3-2020",
    "expirationDate": "1-9-2020",
    "inStoke": "5"
  },
  {
    "productName": "Salmon",
    "category": "Seafood",
    "weight": "150",
    "price": "250",
    "manufactureDate": "1-1-2020",
    "expirationDate": "1-2-2020",
    "inStoke": "5"
  },
  {
    "productName": "Oats",
    "category": "Grains",
    "weight": "70",
    "price": "100",
    "manufactureDate": "1-6-2020",
    "expirationDate": "1-1-2021",
    "inStoke": "45"
  },
  {
    "productName": "12xEggs",
    "category": "Egg",
    "weight": "100",
    "price": "40",
    "manufactureDate": "1-1-2020",
    "expirationDate": "1-6-2020",
    "inStoke": "20"
  },
  {
    "productName": "Apple",
    "category": "Fruits",
    "weight": "10",
    "price": "50",
    "manufactureDate": "1-4-2020",
    "expirationDate": "1-8-2020",
    "inStoke": "50"
  },
  {
    "productName": "Carrot",
    "category": "Vegetables",
    "weight": "5",
    "price": "20",
    "manufactureDate": "15-3-2020",
    "expirationDate": "15-3-2021",
    "inStoke": "10"
  }
]

